timestamp,sequence_id,ang_vel_x,ang_vel_y,ang_vel_z,lin_acc_x,lin_acc_y,lin_acc_z,orien_w,orien_x,orien_y,orien_z
1727776115.5119834,655530,-0.15400170779184147,-0.08610889404932179,0.030817887737313157,-4.101715544523926,-0.15679756758544922,-15.446625286127931,0.0,0.0,0.0,1.0
1727776115.5144634,655531,0.009045034263617555,-0.005936147852892347,0.03673269400699343,-5.718303394709473,-0.2248814860913086,-14.788919398117676,0.0,0.0,0.0,1.0
1727776115.5169377,655532,0.14257770235107758,0.10447549929848414,0.09363927309798376,-4.557769857231445,0.0017286187939453126,-14.284286833769531,0.0,0.0,0.0,1.0
1727776115.5194578,655533,-0.00783694489939697,0.09455067450818007,0.10279935580564417,-3.6356829863012696,0.6828267790209961,-13.761206439104004,0.0,0.0,0.0,1.0
1727776115.5219526,655534,-0.05674137046148531,0.023636580161915232,0.09724313171288285,-3.9805004219018554,0.2408738170678711,-13.057721520754395,0.0,0.0,0.0,1.0
1727776115.5244615,655535,0.08449231653329722,0.07965384591729854,0.13739792377213822,-3.6908543465698243,0.634919609296875,-11.958600339440917,0.0,0.0,0.0,1.0
1727776115.5269248,655536,0.09958209902238602,0.09585630003224228,0.1594759025699652,-2.6938834361865234,1.1267445000512695,-10.539200473798827,0.0,0.0,0.0,1.0
1727776115.5294363,655537,0.021602415369461368,0.07963626907168088,0.14399681070483472,-1.9648661793530273,0.5262968770458984,-9.893474389907226,0.0,0.0,0.0,1.0
1727776115.531951,655538,-0.014739710313870414,0.06712360481687814,0.12946316832687987,-1.5121371293847659,-0.9018271134448242,-9.223140810351563,0.0,0.0,0.0,1.0
1727776115.5344558,655539,-0.050795941904984,0.07358294224800413,0.12928340109797437,-0.54489574125,-1.0462350476586915,-7.928711896516114,0.0,0.0,0.0,1.0
1727776115.5370078,655540,-0.10950762591809356,0.03844236101530436,0.12969117503910935,-0.03539281352783203,-0.8816684647558594,-6.457978669416504,0.0,0.0,0.0,1.0
1727776115.5394478,655541,-0.1301996325091359,-0.00907547900654346,0.12193537980505138,0.3726945152416992,-1.083986147446289,-4.846204425029297,0.0,0.0,0.0,1.0
1727776115.54199,655542,-0.12541257699113084,-0.04504188145689939,0.1038919730415267,0.24718343748779295,-2.066718517961426,-3.493434656865235,0.0,0.0,0.0,1.0
1727776115.5444636,655543,-0.1345060161767019,-0.05740870550712016,0.10551258968116543,0.4142906860620117,-1.4490208472680663,-2.132590988708496,0.0,0.0,0.0,1.0
1727776115.5470092,655544,-0.11563503696710092,-0.08123125886409331,0.12398411530217131,1.0784704138769532,-0.4481471493310547,-1.1179510914038087,0.0,0.0,0.0,1.0
1727776115.5494533,655545,-0.12341758080299531,-0.1317224103572936,0.12637707613123597,1.4014163446582033,-0.7417764437548828,-0.5756037473217773,0.0,0.0,0.0,1.0
1727776115.5520508,655546,-0.22111599962440243,-0.17404893951719574,0.11516172108304411,1.9036356631933593,-1.9076308091674803,0.06563285428710938,0.0,0.0,0.0,1.0
1727776115.5545535,655547,-0.31224317993969075,-0.20706248032484717,0.11009728147452144,2.5742403246020507,-1.9910641457519531,0.40018543959228514,0.0,0.0,0.0,1.0
1727776115.5569453,655548,-0.3608298584207395,-0.25410525323421806,0.09372741153664917,3.09300846206543,-2.0113251019189455,0.2609888337451172,0.0,0.0,0.0,1.0
1727776115.5594382,655549,-0.4054021725908224,-0.32400364720207603,0.06818941292459636,2.993368530161133,-2.1590393597021484,0.5317583702709962,0.0,0.0,0.0,1.0
1727776115.56196,655550,-0.45204629085912623,-0.3581256631435157,0.059037477060669204,2.755122642788086,-2.2248132388842774,0.8845728703710938,0.0,0.0,0.0,1.0
1727776115.5644543,655551,-0.5136745610690949,-0.37136819017574646,0.0695804410973036,2.781115634626465,-1.5808758876708984,1.0174845486401367,0.0,0.0,0.0,1.0
1727776115.5669444,655552,-0.5823815991848481,-0.4255873115367173,0.0782387968625982,2.6141242985668947,-1.0438988171411132,0.7684609550317383,0.0,0.0,0.0,1.0
1727776115.5694754,655553,-0.6251523391352717,-0.4750688435299188,0.0952493137705968,2.189411555112305,-0.9357825878173828,0.8969119793115234,0.0,0.0,0.0,1.0
1727776115.5719604,655554,-0.6573161024046902,-0.4846044436810403,0.1119114613107348,1.9856466441430665,-0.8402858990039063,0.8350553917309571,0.0,0.0,0.0,1.0
1727776115.5744364,655555,-0.7077779430148403,-0.4996567240573718,0.10985868669000072,2.125695392768555,-0.889795586213379,0.5512564255078125,0.0,0.0,0.0,1.0
1727776115.5769486,655556,-0.7531182918998037,-0.5538625296262081,0.09143679669294867,2.0960001528149412,-1.4955033838623046,0.4652704364355469,0.0,0.0,0.0,1.0
1727776115.5794322,655557,-0.7731566302900476,-0.6127002657697698,0.07797465189753319,1.9244445367382812,-2.3999163532763674,0.23705253986572267,0.0,0.0,0.0,1.0
1727776115.5819628,655558,-0.8196311336121764,-0.636102048165467,0.08015111408684351,2.364170168400879,-1.5647536795385741,0.018289544406738283,0.0,0.0,0.0,1.0
1727776115.5845058,655559,-0.8534711009007628,-0.6785444327871171,0.08216972361303107,2.5137354903076172,-1.2485157510205078,-0.6203499336254883,0.0,0.0,0.0,1.0
1727776115.586946,655560,-0.8380956825651215,-0.70769942422722,0.07928832338811549,2.5753747569067387,-1.8501953190820313,-0.3486853415185547,0.0,0.0,0.0,1.0
1727776115.5894623,655561,-0.8886201921351632,-0.754026828397147,0.06636107396274654,2.416554473986816,-2.063870450383301,0.03420378127441406,0.0,0.0,0.0,1.0
1727776115.5919766,655562,-0.907559699253195,-0.7802516232867936,0.06091325655831489,2.138793986396484,-2.7205767577734377,-0.07588224158935547,0.0,0.0,0.0,1.0
1727776115.594457,655563,-0.8833007672125286,-0.7922152774318872,0.05936941151296487,2.1622883862890623,-1.5005380864892577,-0.5021967833203125,0.0,0.0,0.0,1.0
1727776115.5969357,655564,-0.880462477873421,-0.8262835661696081,0.036025000005925185,2.004906940876465,-1.7952458947192385,-0.636714694987793,0.0,0.0,0.0,1.0
1727776115.599448,655565,-0.9361895925181914,-0.8264819270864396,0.024696267040340062,2.0440141691381837,-2.5509493409838866,-0.8985236067773438,0.0,0.0,0.0,1.0
1727776115.6019428,655566,-0.9790949995130697,-0.8750179853819344,0.019006538008619633,2.2162705944360352,-2.2269494693701173,-0.565720077788086,0.0,0.0,0.0,1.0
1727776115.6044405,655567,-0.9994447821760759,-0.9262314419317543,0.028005669105169582,1.8709120140087891,-1.2693550111450194,-0.4854347788623047,0.0,0.0,0.0,1.0
1727776115.606947,655568,-1.0259212778177746,-0.9556601858827016,0.03365436935676137,1.7447236211938477,-1.0103054045581055,0.6819535394458007,0.0,0.0,0.0,1.0
1727776115.6094477,655569,-0.9987368057188108,-0.9397897913077979,0.047702820585128446,1.0985329282983398,1.6794188460717774,-4.506626307011719,0.0,0.0,0.0,1.0
1727776115.6119664,655570,-0.517541297631262,-0.7946848847674962,0.04620415239091141,0.6867254311230468,2.8839245211840816,-13.867271064865722,0.0,0.0,0.0,1.0
1727776115.6144812,655571,-0.10701587805174431,-0.5977095608443395,0.11911350520606596,0.8299731613769531,5.145956465405273,-21.87504470602295,0.0,0.0,0.0,1.0
1727776115.6169636,655572,0.028452361475134264,-0.5781665537811483,0.1384374069623152,0.8305144260717774,2.536344783676758,-26.735489289140627,0.0,0.0,0.0,1.0
1727776115.6194189,655573,-0.1186322482677907,-0.4993930996187266,0.13093087932192826,-2.283565360883789,-1.5259701552539064,-26.524498125900877,0.0,0.0,0.0,1.0
1727776115.6219432,655574,-0.1319769679520217,-0.40009647100426354,0.17331454937044194,-3.109800433564453,-0.40836140732666015,-24.924472400009765,0.0,0.0,0.0,1.0
1727776115.624472,655575,0.20855119799075997,-0.19443602253853304,0.25047960514128054,-3.621882085100098,4.305546502851563,-28.225322009831544,0.0,0.0,0.0,1.0
1727776115.6269686,655576,0.763110595475522,-0.004723498838637796,0.18066222768084028,-4.057339990583496,0.37366358941406247,-29.80476763056885,0.0,0.0,0.0,1.0
1727776115.629455,655577,0.6359020207570742,0.07461073175163384,0.11933611700493664,-3.2323424967626955,-0.04094804365722656,-26.822160984045407,0.0,0.0,0.0,1.0
1727776115.631966,655578,0.28351069051384137,-0.026567712852909226,0.1173570190655921,-2.794649349689941,1.826347967380371,-26.598239222409667,0.0,0.0,0.0,1.0
1727776115.634465,655579,0.4008949020410077,0.0541789318792555,0.2476027887769301,-2.324570341918945,4.4591099674365235,-23.93633517397705,0.0,0.0,0.0,1.0
1727776115.6369438,655580,0.370014514817521,0.027324626863813147,0.3044949989176806,-3.034812468413086,4.552598864501953,-21.473052373725587,0.0,0.0,0.0,1.0
1727776115.6394563,655581,0.14798254202762273,0.12072358219447574,0.2829734467222729,-3.4214196619189456,1.4457380777929687,-17.33039717631592,0.0,0.0,0.0,1.0
1727776115.6420064,655582,0.004792724817383565,0.25315432409682465,0.2161191719592153,-2.5647205748144533,1.7641035463549806,-15.247957109560547,0.0,0.0,0.0,1.0
1727776115.6445258,655583,0.2384660894072757,0.16648417747920688,0.2037406461522702,-2.4276741640942383,3.130736007758789,-14.790995874323732,0.0,0.0,0.0,1.0
1727776115.6469398,655584,0.5180250079033608,0.0340607713677976,0.2136129502303246,-2.4466676342944336,3.0199744678564455,-13.420110190788574,0.0,0.0,0.0,1.0
1727776115.6495311,655585,0.3492979062917379,-0.049421167068858025,0.20127807197596126,-2.864504380253906,0.1699014953466797,-11.984112839743652,0.0,0.0,0.0,1.0
1727776115.6519353,655586,0.0619373943068289,0.056051870674579146,0.2062307113867042,-3.6488723201293944,-0.2512851462597656,-12.34191625283203,0.0,0.0,0.0,1.0
1727776115.654484,655587,0.04181646975973094,0.18542765915943643,0.21922586328178256,-3.4142369217919923,0.4114647341601563,-12.966270921884766,0.0,0.0,0.0,1.0
1727776115.6569896,655588,0.2514097576078555,0.11241562948165862,0.2219884906759461,-2.755439154675293,0.7035428746069337,-14.21052913552002,0.0,0.0,0.0,1.0
1727776115.659474,655589,0.46605512558834866,0.03384151676258025,0.2180394100622364,-3.131890278244629,0.624773967890625,-14.992748318686523,0.0,0.0,0.0,1.0
1727776115.6619494,655590,0.4593689112697804,0.06740081136350064,0.21144194751578943,-4.198689188920898,0.5844539734790039,-15.22769015998535,0.0,0.0,0.0,1.0
1727776115.6644475,655591,0.3528314413838122,0.14934013545680655,0.22173135869473862,-5.134106298706055,0.34187754900878903,-15.98468182940918,0.0,0.0,0.0,1.0
1727776115.6669338,655592,0.2764807270037744,0.2427834686910741,0.23886688668034986,-5.083969041723632,0.4433701632568359,-15.69632493618164,0.0,0.0,0.0,1.0
1727776115.6694398,655593,0.22236048548712425,0.245244315849494,0.26188790198241413,-4.656999120805664,0.6964813211938478,-14.54368064178955,0.0,0.0,0.0,1.0
1727776115.6719618,655594,0.18046569465911075,0.20784661907803353,0.2691220046560814,-5.116635813464355,0.8124203866406251,-14.391994732192384,0.0,0.0,0.0,1.0
1727776115.6744657,655595,0.1718129718773979,0.185829150467737,0.23592421767126107,-5.623980095354004,0.7197210012377929,-13.635645256457519,0.0,0.0,0.0,1.0
1727776115.6769536,655596,0.2215026297016631,0.1819550902198959,0.20960193100774646,-5.817760227993164,1.3115286468457032,-12.943877810749512,0.0,0.0,0.0,1.0
1727776115.6794538,655597,0.26785359878857967,0.22188760135753965,0.23085291034206776,-5.207121353745117,1.626386173586426,-12.05479322255127,0.0,0.0,0.0,1.0
1727776115.681915,655598,0.22959158201983995,0.2267938816362116,0.2670342700283612,-4.540225832871094,1.071598312097168,-11.226205377546385,0.0,0.0,0.0,1.0
1727776115.6844318,655599,0.110711522825336,0.17664197214062693,0.2810797917824587,-4.787906903041992,0.19428130143310549,-10.824866326743164,0.0,0.0,0.0,1.0
1727776115.686955,655600,0.05929873290234987,0.15992402739635647,0.2669027019318944,-4.9749244934033205,-0.115773467578125,-10.434876513581543,0.0,0.0,0.0,1.0
1727776115.6894934,655601,0.1650750075484884,0.15757871692769101,0.2359335911819061,-4.712790678955078,-0.3540101251025391,-9.985493223808593,0.0,0.0,0.0,1.0
1727776115.6919823,655602,0.31688538788489107,0.13721532794617625,0.20800548454837628,-4.42125218498291,-0.7353968203271485,-9.548709876101073,0.0,0.0,0.0,1.0
1727776115.6944993,655603,0.3642589855972131,0.10403752271973482,0.19426016127532034,-4.450833550180664,-1.3509196629858398,-8.84598929709961,0.0,0.0,0.0,1.0
1727776115.6969776,655604,0.2702231117182219,0.08520291579810392,0.1960466482989823,-4.468941913857422,-1.7294433071118165,-8.331902371047363,0.0,0.0,0.0,1.0
1727776115.699446,655605,0.15504328115787475,0.0713454977658059,0.20667285217681197,-4.40400177769043,-1.6364867445629883,-7.9464637123388675,0.0,0.0,0.0,1.0
1727776115.7019677,655606,0.14473453383471072,0.06467652134541914,0.2144379926758953,-4.612223386999512,-1.4359751754345704,-7.587791255061036,0.0,0.0,0.0,1.0
1727776115.704447,655607,0.1824811568162483,0.06421556090242782,0.20755211410690164,-5.035999780290528,-1.5298163051000977,-7.332596189091797,0.0,0.0,0.0,1.0
1727776115.7069464,655608,0.16371778534744894,0.052985966026828986,0.18242386259427285,-5.004754884711914,-1.404354013688965,-7.102453929016113,0.0,0.0,0.0,1.0
1727776115.7094176,655609,0.094264719889634,0.028075694031443423,0.17199507138747122,-4.802648110056152,-1.2723504566308592,-6.976867633989258,0.0,0.0,0.0,1.0
1727776115.7119246,655610,-0.006321535122887083,-0.004094557660324345,0.17918438457850402,-4.91162169642334,-0.9890073490356445,-6.986598112009278,0.0,0.0,0.0,1.0
1727776115.714425,655611,-0.11267181321706257,-0.03448646917216342,0.19064412072816236,-5.175270045124512,-1.0554433200219726,-6.99912643284668,0.0,0.0,0.0,1.0
1727776115.7169394,655612,-0.17549552278872393,-0.045175321834442096,0.1982275490856708,-4.938381065368652,-0.564703835493164,-6.859279602143555,0.0,0.0,0.0,1.0
1727776115.7194214,655613,-0.15053505025699096,-0.04061300057187221,0.20784228135786847,-4.495140659399413,0.20919667688964844,-7.144452796933594,0.0,0.0,0.0,1.0
1727776115.721929,655614,-0.06837992559424562,-0.06011816253978143,0.2157878145245788,-4.381069379685059,0.4903248605493164,-7.70567763876709,0.0,0.0,0.0,1.0
1727776115.7244334,655615,-0.03480201309486796,-0.0934933764021624,0.21807618989414754,-4.455111225417481,0.6332369000097656,-8.089483333476563,0.0,0.0,0.0,1.0
1727776115.7269986,655616,-0.031189616232648622,-0.1096644173529341,0.2350097253832541,-4.446506549194336,0.5435771315112304,-8.502011597922364,0.0,0.0,0.0,1.0
1727776115.7294598,655617,-0.045424157673640865,-0.08329449646937437,0.2555045977243766,-4.542148578156739,0.05448421601806641,-9.084628711655274,0.0,0.0,0.0,1.0
1727776115.7319367,655618,-0.07257207994073947,-0.07635576631087196,0.257466820923507,-4.875910932590332,-0.41771058471679684,-10.009497482937011,0.0,0.0,0.0,1.0
1727776115.734455,655619,-0.023842224413535618,-0.08273508390144611,0.25293966545743796,-4.996060666970215,-0.3308595071044922,-10.572459154533691,0.0,0.0,0.0,1.0
1727776115.7369134,655620,0.1049046834193361,-0.07882338838292642,0.25316859216985127,-4.902859813103028,0.05815733616943359,-10.553973505810546,0.0,0.0,0.0,1.0
1727776115.7394214,655621,0.18670118555427723,-0.07991423017985767,0.26376236604120046,-4.827075264067383,-0.047694823271484374,-10.461408912158202,0.0,0.0,0.0,1.0
1727776115.7419477,655622,0.16030067062951617,-0.08126803466091594,0.2753397573020892,-4.7698261090429686,-0.007734912824707031,-10.212334614316406,0.0,0.0,0.0,1.0
1727776115.7444272,655623,0.13784514877378828,-0.060767549511654265,0.297729390197282,-4.53751351598877,0.02807114619873047,-10.176754267045899,0.0,0.0,0.0,1.0
1727776115.7469637,655624,0.14428839427187404,-0.04308336650412411,0.3239979779026975,-4.530967995021973,-0.1636398221923828,-10.376309947500001,0.0,0.0,0.0,1.0
1727776115.7494044,655625,0.09654323350284612,-0.05337393575348013,0.32700250885397275,-4.564417505874023,-0.20270431745361328,-10.78464893947998,0.0,0.0,0.0,1.0
1727776115.7519617,655626,0.06132224909618459,-0.05533046140761228,0.31763097540230356,-4.767131232978516,-0.07661745297363282,-11.809897528908692,0.0,0.0,0.0,1.0
1727776115.7545183,655627,0.09346621218620785,-0.041346672472868475,0.30705394311324724,-5.0563083241186515,0.08222260819335937,-12.46974420239502,0.0,0.0,0.0,1.0
1727776115.756919,655628,0.11653950609521022,-0.032912328682162935,0.30458952893657065,-5.191714938354492,0.3175212370825195,-12.716943042941894,0.0,0.0,0.0,1.0
1727776115.7594042,655629,0.0908743134226524,-0.024335058020790924,0.3135754491532877,-5.392020394174804,0.4956902195068359,-12.471208392019044,0.0,0.0,0.0,1.0
1727776115.761992,655630,0.043808298403373865,0.0012352132292898935,0.33353442542240935,-5.318154095368652,0.7570348818969727,-11.897971381662598,0.0,0.0,0.0,1.0
1727776115.764532,655631,0.0442937397284502,0.015076478802219791,0.3478676086374992,-5.243299543483887,0.7217055385620117,-11.435716408696289,0.0,0.0,0.0,1.0
1727776115.766935,655632,0.10568717585640401,0.007186210207956572,0.34309641101739985,-5.276323582287597,0.33311464680908204,-11.104375211374512,0.0,0.0,0.0,1.0
1727776115.769525,655633,0.1579996896433933,0.004121754156987115,0.32608829095198555,-5.339613912978516,-0.06908559681884766,-10.951950853952637,0.0,0.0,0.0,1.0
1727776115.7720995,655634,0.1652948674169846,0.01782970040503008,0.3078724971364687,-5.385594321833496,-0.7481872329052733,-11.019058146591798,0.0,0.0,0.0,1.0
1727776115.7744608,655635,0.13635336040550747,0.012943171884691108,0.2932278817538819,-5.493711330300293,-1.4572425447070314,-11.098114437231445,0.0,0.0,0.0,1.0
1727776115.776922,655636,0.08823087850844755,0.00034291392817391666,0.28899100248617,-5.7148000678125,-1.5353113014770507,-11.165084301020507,0.0,0.0,0.0,1.0
1727776115.7794082,655637,0.04377788997624468,0.008098305653379307,0.2904975592784546,-5.952009754841309,-1.232592224370117,-11.000047715046385,0.0,0.0,0.0,1.0
1727776115.782009,655638,0.052374678360815184,0.03461710112809228,0.29239812228982476,-5.788956147905274,-0.9604005120117187,-10.449992788081055,0.0,0.0,0.0,1.0
1727776115.7844644,655639,0.09653952525649107,0.031203049042350457,0.28163395470021513,-5.708160450336915,-0.7647506757495117,-9.88108877211914,0.0,0.0,0.0,1.0
1727776115.7869704,655640,0.14852019336313224,-0.008579526275857839,0.24821794205775144,-6.0367786025756835,-0.9606898737597656,-9.541074873391112,0.0,0.0,0.0,1.0
1727776115.7895036,655641,0.16556071115431892,-0.022192091101331878,0.2364389214583253,-5.698582684357911,-0.7454786918701172,-9.379710868161622,0.0,0.0,0.0,1.0
1727776115.7919235,655642,0.13463243550020998,-0.03235247628958538,0.2636567153183338,-4.854274848845215,-0.6164640474829102,-9.299788530036622,0.0,0.0,0.0,1.0
1727776115.794459,655643,0.06024521133709952,-0.04335285392639707,0.28105490739152117,-4.7751652168725585,-1.4262515898339843,-9.130610139389649,0.0,0.0,0.0,1.0
1727776115.7969038,655644,0.05547923512155239,-0.08152253172931619,0.24149863597818447,-5.537656257861328,-1.8232360699731447,-9.150128272543945,0.0,0.0,0.0,1.0
1727776115.7994275,655645,0.18028029041153493,-0.10319768360454061,0.18967905667566365,-4.770808428647461,-0.34443475648681643,-9.118958234633789,0.0,0.0,0.0,1.0
1727776115.8019433,655646,0.32750322702420714,-0.13721619549020925,0.2127282530359909,-4.353985168015137,-0.3125429923608398,-8.85780290400879,0.0,0.0,0.0,1.0
1727776115.80446,655647,0.32841032703003514,-0.17061677391906238,0.20878213417725905,-5.131167430993652,-1.9989668740063478,-7.988961111950683,0.0,0.0,0.0,1.0
1727776115.8068964,655648,0.1898229802131959,-0.18185704967398855,0.17155652586123982,-4.9811346831811525,-1.3938063344604492,-8.011582691806641,0.0,0.0,0.0,1.0
1727776115.8094158,655649,0.19714049623686514,-0.18211747428743294,0.19836788946459236,-4.357414656123047,-0.1411366121484375,-8.52623773302246,0.0,0.0,0.0,1.0
1727776115.8118927,655650,0.3297922883588253,-0.17277756382453915,0.20664677339967083,-4.4349009135498045,-0.5488151904785156,-8.661443747885743,0.0,0.0,0.0,1.0
1727776115.8144088,655651,0.35019567313780614,-0.20388856846253137,0.16739905310062378,-4.584383046950683,-0.9418974824047852,-9.08023458449707,0.0,0.0,0.0,1.0
1727776115.8169851,655652,0.3367970487059612,-0.22232281793573747,0.1492668663193581,-4.336008359648438,-0.5313281634301757,-9.073006594138183,0.0,0.0,0.0,1.0
1727776115.8194036,655653,0.3956482620451986,-0.22558124472722263,0.15482704883396306,-4.334391398049316,-0.6031586812719727,-8.766568067834472,0.0,0.0,0.0,1.0
1727776115.8218806,655654,0.4083277449298281,-0.2326234506958764,0.143652432039526,-4.526156846520996,-0.6350648295776367,-8.370766686474608,0.0,0.0,0.0,1.0
1727776115.8244658,655655,0.34530901549463433,-0.22968317449428333,0.12912243738159834,-4.378158441254882,-0.5959024619604493,-7.635850717287598,0.0,0.0,0.0,1.0
1727776115.8269703,655656,0.31042304431281353,-0.21420666912089778,0.13491632818851948,-3.844001089482422,-0.8868983127539063,-6.7394944467846685,0.0,0.0,0.0,1.0
1727776115.829413,655657,0.31607532368792757,-0.23467927584353587,0.1194336450946012,-2.9212228189819336,-1.3068896889624024,-5.723120356816406,0.0,0.0,0.0,1.0
1727776115.8318992,655658,0.2768809472591894,-0.24765432089249093,0.12048230004099694,-2.8463602958642578,0.10033762455322266,-8.471743807683106,0.0,0.0,0.0,1.0
1727776115.8344424,655659,0.19438342919468993,-0.14111473258504686,0.09805677099828013,-1.0283092431958007,-0.8357557814135742,-9.979646594172364,0.0,0.0,0.0,1.0
1727776115.8369167,655660,0.07592746587440712,-0.17220449651704015,0.09564964700849048,-1.3133459081469727,-0.3274585476196289,-12.385620305317383,0.0,0.0,0.0,1.0
1727776115.8394258,655661,-0.09027262523224107,-0.23008301545137685,0.08738463167267463,-1.514968415419922,-0.6989785945898438,-11.490963106105959,0.0,0.0,0.0,1.0
1727776115.841911,655662,-0.20521851346513756,-0.1797887238220767,0.10676770800215228,-2.3192504129956055,1.0928913331567383,-12.217557347871095,0.0,0.0,0.0,1.0
1727776115.8444345,655663,-0.3231418410649482,-0.16101765340437038,0.10366793282131795,-3.4438327910375977,2.1167903868603517,-11.574533871540526,0.0,0.0,0.0,1.0
1727776115.8469212,655664,-0.29991599256405727,-0.07259952661289083,0.11220979558087753,-3.4667283895166014,1.9444682738085939,-11.233925966125488,0.0,0.0,0.0,1.0
1727776115.849434,655665,-0.3017734003036457,-0.10071068503738605,0.10026469073773629,-2.971648418833008,1.271302569140625,-10.336463432336425,0.0,0.0,0.0,1.0
1727776115.8519373,655666,-0.2787559479847496,-0.08853965155260607,0.10602162820393968,-1.6005073561743164,0.9282627184790039,-9.92893007428711,0.0,0.0,0.0,1.0
1727776115.854449,655667,-0.23462667846460422,-0.1154937079914906,0.1087508168194913,-0.6749079284985351,0.9501694645385742,-10.11002120281494,0.0,0.0,0.0,1.0
1727776115.8569603,655668,-0.19714161395638674,-0.11339807266043725,0.11193650710521341,-0.27244013912841797,0.7149501284399414,-10.764004405187988,0.0,0.0,0.0,1.0
1727776115.8593936,655669,-0.15864080064870004,-0.08986446795769618,0.1090196505574231,0.17266889165039062,0.6952055643237305,-10.868388359421386,0.0,0.0,0.0,1.0
1727776115.86192,655670,-0.10161189784905515,-0.06566048575257194,0.11182413392486304,0.14894824059814452,0.2636863469091797,-10.980314598339843,0.0,0.0,0.0,1.0
1727776115.8644204,655671,-0.09669402072596053,-0.06696261285488242,0.11488746418613384,-0.2687325568798828,0.9180699089501954,-11.065602415290526,0.0,0.0,0.0,1.0
1727776115.8669407,655672,-0.11482493645434064,-0.10529820946288704,0.11694756652763048,-1.0292615957592774,0.6735049915063477,-10.299119344899903,0.0,0.0,0.0,1.0
1727776115.8694234,655673,-0.10802420632341489,-0.10441497297059964,0.11423662458239178,-1.8249018778491213,0.582921818605957,-9.908435974541016,0.0,0.0,0.0,1.0
1727776115.8719025,655674,-0.07112925333662869,-0.07342575940957662,0.12101860769202744,-2.042845274736328,0.2467638989135742,-9.604201284367676,0.0,0.0,0.0,1.0
1727776115.8744404,655675,-0.03161949842381552,-0.048643432001161835,0.12265389994863389,-1.4334439194140627,-0.14832438673828124,-9.349724348569337,0.0,0.0,0.0,1.0
1727776115.8768923,655676,0.020711257998398146,-0.07590001516716723,0.11526345777004092,-0.9988718995971679,-0.09010777576171876,-9.51570729369873,0.0,0.0,0.0,1.0
1727776115.8794458,655677,0.1068391936304724,-0.10692007294488019,0.11521301512838197,-0.8033394742016602,0.5243168947119141,-9.30509749102295,0.0,0.0,0.0,1.0
1727776115.881937,655678,0.20456444982566352,-0.1095186215343259,0.11336699844370135,-0.814990300144043,0.6799011567407227,-8.919251100754394,0.0,0.0,0.0,1.0
1727776115.8844264,655679,0.28514327522604715,-0.10633228966952821,0.12148755761029953,-0.7771617055883789,0.8599346884570312,-8.268986448566896,0.0,0.0,0.0,1.0
1727776115.8869865,655680,0.3011760215877798,-0.09979975976763575,0.13553757445301454,-0.7858643740356445,1.3502397707592775,-7.701980185378418,0.0,0.0,0.0,1.0
1727776115.8893948,655681,0.31018169356282976,-0.1188061121621832,0.14801801045576304,-0.9077991851147461,1.6391725106469728,-7.404827546074219,0.0,0.0,0.0,1.0
1727776115.8918948,655682,0.3215723812776375,-0.142264668253436,0.14678468564790315,-0.9786671615991211,1.523965779748535,-7.405733269921875,0.0,0.0,0.0,1.0
1727776115.8944,655683,0.2951037701989178,-0.17470400385862417,0.14056379773811095,-1.146697395036621,1.2538712807885743,-7.695507484321289,0.0,0.0,0.0,1.0
1727776115.896913,655684,0.25975931611846037,-0.18194986881534372,0.13659705150683604,-1.388646429536133,0.9456940667651367,-7.977832132060547,0.0,0.0,0.0,1.0
1727776115.899405,655685,0.23300874919392356,-0.17380932385527806,0.12853941954579512,-1.5554102558203124,0.5839848694189453,-7.922350073510742,0.0,0.0,0.0,1.0
1727776115.9018996,655686,0.22346658395377092,-0.17917093966353662,0.11629598043251119,-1.7187012616552735,0.3278678374658203,-7.531994662448731,0.0,0.0,0.0,1.0
1727776115.9044776,655687,0.24202361310063494,-0.19574766034449845,0.10519526224933255,-1.958559495703125,-0.22093051153564452,-7.171001497580567,0.0,0.0,0.0,1.0
1727776115.907241,655688,0.2554749599991558,-0.2220445017397704,0.09473572366796564,-2.185615270422363,-0.3821387480859375,-6.985970242565918,0.0,0.0,0.0,1.0
1727776115.9094188,655689,0.24303426961838484,-0.23948173329444325,0.08467809604410592,-2.402151654799805,-0.4515652499633789,-7.173382558791504,0.0,0.0,0.0,1.0
1727776115.9120197,655690,0.21898950393630504,-0.2402122497562125,0.07934102164426028,-2.5618061602075195,-0.37324950484130864,-7.596573515969238,0.0,0.0,0.0,1.0
1727776115.9144542,655691,0.19398723192253503,-0.23647625409736445,0.07247318395606471,-2.4659212783447266,-0.29335090061279295,-8.062147458596192,0.0,0.0,0.0,1.0
1727776115.9169216,655692,0.13734051656768403,-0.24998612591986114,0.06649603556866342,-2.290471505222168,-0.4067298817456055,-8.665046625292968,0.0,0.0,0.0,1.0
1727776115.9194088,655693,0.07884228470249198,-0.27034444279509917,0.05495936642117534,-2.2686912800097656,-0.6294202377319336,-8.876383608186035,0.0,0.0,0.0,1.0
1727776115.9219184,655694,0.03828312431681729,-0.26809497778418306,0.04113669453617156,-2.294779027631836,-0.8119155019335937,-8.718439441677246,0.0,0.0,0.0,1.0
1727776115.924434,655695,0.015457798702980686,-0.2600563389848323,0.023225937272838552,-2.325515322590332,-1.0376855107910157,-8.463617345500488,0.0,0.0,0.0,1.0
1727776115.9269695,655696,-0.0026113438551604875,-0.26213290448751353,0.007848687007006564,-2.187917578249512,-1.1481266430908204,-8.378766927480468,0.0,0.0,0.0,1.0
1727776115.9293885,655697,-0.034604390599236534,-0.26743701221410476,0.0012819678000364095,-2.049569579069824,-0.9778038710815429,-8.606633850065919,0.0,0.0,0.0,1.0
1727776115.931943,655698,-0.05937203432050653,-0.2683431680092177,0.0006504683755977063,-2.0465977476123047,-0.6291360303149414,-9.245202006540527,0.0,0.0,0.0,1.0
1727776115.934704,655699,-0.05845996712070347,-0.2639143557206955,0.0027800105555319705,-2.039064812644043,-0.2565617428417969,-9.980856423552247,0.0,0.0,0.0,1.0
1727776115.936933,655700,-0.034852633280422034,-0.2564474566847188,0.011535632129736986,-1.9921850928881837,0.18886565778076173,-10.68871425239502,0.0,0.0,0.0,1.0
1727776115.9394073,655701,-0.023213303410664795,-0.2387651580635301,0.020441007944393835,-1.9424890706176756,0.32258135176025393,-11.060684584123536,0.0,0.0,0.0,1.0
1727776115.941935,655702,-0.030411292042027693,-0.22011053223049654,0.020614032540373004,-2.0096262703637695,0.19580164929199217,-11.065587851308594,0.0,0.0,0.0,1.0
1727776115.9445057,655703,-0.04862819550688904,-0.2105150715410973,0.017760966707084436,-2.2171553413549803,0.05742224465332031,-10.864827615673828,0.0,0.0,0.0,1.0
1727776115.9469056,655704,-0.06187560499623587,-0.1959775433728923,0.01832012506443558,-2.409066729316406,-0.024009413459472658,-10.543169308710937,0.0,0.0,0.0,1.0
1727776115.9499602,655705,-0.05230673150513204,-0.17463984998615512,0.024324163281771713,-2.4332578029785155,-0.051942411599121094,-10.391823345227051,0.0,0.0,0.0,1.0
1727776115.9519827,655706,-0.03600633772149413,-0.1562739871932815,0.03152310015893813,-2.2378604690039063,0.08944076936279297,-10.47217205441162,0.0,0.0,0.0,1.0
1727776115.9544218,655707,-0.01716993518546931,-0.15566616163322267,0.03982235725598252,-2.1097294927221677,0.35695504615722656,-10.776984029663085,0.0,0.0,0.0,1.0
1727776115.9569569,655708,0.0065238221808541445,-0.14970471781036315,0.05024531372477605,-2.0966291610058594,0.6690958208935546,-11.182805310725097,0.0,0.0,0.0,1.0
1727776115.959463,655709,0.03136824153150137,-0.12408211146210484,0.06304398908936422,-2.0323589080737303,0.7747571502172852,-11.457837778703613,0.0,0.0,0.0,1.0
1727776115.9619708,655710,0.04418274251328708,-0.10093778788978576,0.0727922141952554,-1.983746733742676,0.5818467809765625,-11.567961859709472,0.0,0.0,0.0,1.0
1727776115.9644454,655711,0.045088414097777,-0.0868742131496246,0.07474730739296097,-2.1075053988720702,0.3265434141210937,-11.340719390324708,0.0,0.0,0.0,1.0
1727776115.9669154,655712,0.03318016978831744,-0.07792411241374962,0.06990112572278981,-2.398243832783203,0.12879282834960937,-10.829609809665527,0.0,0.0,0.0,1.0
1727776115.9694097,655713,0.02269884576400062,-0.066708482979538,0.06454686588091349,-2.506098210102539,0.029581245329589844,-10.333053183068847,0.0,0.0,0.0,1.0
1727776115.9719825,655714,0.021932824558294345,-0.06023447800162134,0.06265615252063442,-2.433740392207031,0.04961810796386719,-10.021942974873047,0.0,0.0,0.0,1.0
1727776115.9744394,655715,0.009572509105865424,-0.07194371174499666,0.06368137570796181,-2.4711972755859373,0.18495897451171875,-9.982230292514648,0.0,0.0,0.0,1.0
1727776115.9770927,655716,-0.012759095181240231,-0.07992739667371683,0.0672705748462473,-2.5770101782031247,0.3834843281616211,-10.023630598754883,0.0,0.0,0.0,1.0
1727776115.9793906,655717,-0.017729916700879686,-0.07299978721919105,0.07077708291537696,-2.547823059396973,0.545889268527832,-10.076862492128907,0.0,0.0,0.0,1.0
1727776115.9818997,655718,-0.009740691595613832,-0.07136305443598094,0.07375962666927605,-2.4891561037280274,0.5766145356152343,-10.142619769570313,0.0,0.0,0.0,1.0
1727776115.9844437,655719,-0.01123136224437306,-0.07882317452323456,0.07434413345274522,-2.64796284154541,0.2987659449243164,-9.95447284130127,0.0,0.0,0.0,1.0
1727776115.9868991,655720,-0.021199878973232687,-0.08172006545300005,0.06710419200598132,-2.9671492272290036,-0.052600967292480476,-9.522225364855956,0.0,0.0,0.0,1.0
1727776115.989425,655721,-0.027541258661488835,-0.07345438029248892,0.05878810051960799,-3.1082529355664064,-0.31837829445556637,-8.922047804824219,0.0,0.0,0.0,1.0
1727776115.9918902,655722,-0.019190182957598268,-0.07625552664171817,0.049525328844058726,-3.049371775488281,-0.4377561977270508,-8.55362694923584,0.0,0.0,0.0,1.0
1727776115.9944036,655723,-0.019429770373896284,-0.0961760929031643,0.042138078420489514,-3.08493827798584,-0.41566863054199216,-8.347637704680176,0.0,0.0,0.0,1.0
1727776115.9969141,655724,-0.038182529559873245,-0.10781306224613406,0.04220389474943112,-3.167578566796875,-0.1831905594873047,-8.307185735419923,0.0,0.0,0.0,1.0
1727776115.999423,655725,-0.05631920739466795,-0.10496455606287947,0.04822769683036581,-3.078597312041016,0.11792935644287109,-8.40596968876465,0.0,0.0,0.0,1.0
1727776116.001932,655726,-0.0589796905578936,-0.1059918815313287,0.05349386665463901,-2.8963671362841796,0.4225316223413086,-8.597723270288085,0.0,0.0,0.0,1.0
1727776116.0044003,655727,-0.06324603404201974,-0.11720773693049776,0.05620200421335239,-2.8326707521875,0.5992160375537109,-8.557502946254882,0.0,0.0,0.0,1.0
1727776116.0069141,655728,-0.07580739374514983,-0.12262568257457414,0.0588521373745098,-2.931787579423828,0.45235727885742183,-8.403342718015137,0.0,0.0,0.0,1.0
1727776116.0093803,655729,-0.09334316216161866,-0.12180611977922123,0.05882475122868632,-3.0323149552807616,0.19694333362060548,-8.191561443771974,0.0,0.0,0.0,1.0
1727776116.0118792,655730,-0.09419565934951778,-0.12501224375323716,0.05550687951304151,-3.0580845727954102,0.05641834877929687,-7.96728235513916,0.0,0.0,0.0,1.0
1727776116.0144062,655731,-0.07843915514825003,-0.13759602240821567,0.05659557060778859,-3.25137282642334,0.05856866377441406,-7.9752951223681645,0.0,0.0,0.0,1.0
1727776116.0169528,655732,-0.06658302804218755,-0.14174543306195747,0.05973907807806373,-3.4240148676049804,0.12362261476318359,-8.130498323503417,0.0,0.0,0.0,1.0
1727776116.0194032,655733,-0.060620865973570436,-0.13427635507817695,0.06311890454293113,-3.4405376152075196,0.24586314959472658,-8.436593966923828,0.0,0.0,0.0,1.0
1727776116.0219085,655734,-0.05471200742437694,-0.13401529695583403,0.06672515596532594,-3.4052761172534183,0.5104513845703125,-8.72995985105713,0.0,0.0,0.0,1.0
1727776116.024393,655735,-0.046550754389997756,-0.1356184456972453,0.07459922771424725,-3.4543576953149415,0.8834558189501953,-8.937215802436524,0.0,0.0,0.0,1.0
1727776116.027068,655736,-0.03522844528534544,-0.1304326427311371,0.0836425147845332,-3.5628360463623046,0.8312514354785157,-9.027126514936525,0.0,0.0,0.0,1.0
1727776116.0294373,655737,-0.026511068280186383,-0.12225657285169181,0.08747243923408093,-3.58951612251709,0.5261753906616211,-9.002126211298828,0.0,0.0,0.0,1.0
1727776116.0319345,655738,-0.010517542978922908,-0.12000251994512208,0.08300084290192139,-3.6347707296386718,0.31754407196777346,-8.941551793535156,0.0,0.0,0.0,1.0
1727776116.034493,655739,0.017754663898807397,-0.12415351235356593,0.08104917549437411,-3.821855206435547,0.19963341495849612,-8.915439892478028,0.0,0.0,0.0,1.0
1727776116.0369241,655740,0.03877879055621759,-0.12136299442751321,0.08174336001905852,-3.962493946164551,0.04729608182373047,-8.982833909765624,0.0,0.0,0.0,1.0
1727776116.0394118,655741,0.0379487930219374,-0.11108041465343794,0.08196178743112813,-3.9614824386621095,0.06789470660888672,-9.157590125690918,0.0,0.0,0.0,1.0
1727776116.0419123,655742,0.028501561309527315,-0.10184812403661131,0.08448055828533353,-3.929718813603516,0.3787084808349609,-9.431191787329102,0.0,0.0,0.0,1.0
1727776116.0444262,655743,0.03141218364554552,-0.09346703534426708,0.09083691622219682,-3.9276573209179686,0.8017213139208984,-9.669031321625976,0.0,0.0,0.0,1.0
1727776116.0475202,655744,0.040890126416724196,-0.08227854591547888,0.0985146526687264,-3.851621348408203,0.9795153487280274,-9.788100504440918,0.0,0.0,0.0,1.0
1727776116.0493824,655745,0.04684471058909016,-0.06907765696174407,0.1004537467404278,-3.651539506647949,0.8580458658618164,-9.858623020876465,0.0,0.0,0.0,1.0
1727776116.051876,655746,0.030123759703868092,-0.06382128433241112,0.09748715369147054,-3.603510670737305,0.6642213220678711,-9.859989038474122,0.0,0.0,0.0,1.0
1727776116.0544193,655747,-0.0005792974841825817,-0.06311128629579474,0.09401019861070262,-3.6845625865063476,0.4050064772167969,-9.690989790798339,0.0,0.0,0.0,1.0
1727776116.0568995,655748,-0.02379820563280948,-0.05477445041931113,0.08908779815337076,-3.703411915239258,0.20619739562255862,-9.428218577387696,0.0,0.0,0.0,1.0
1727776116.0594025,655749,-0.035114518595912705,-0.04647984981442532,0.08123253798715595,-3.6671484393017577,0.04239868817871093,-9.293314630297852,0.0,0.0,0.0,1.0
1727776116.0619524,655750,-0.04036502017144087,-0.04445042221590055,0.07406908164339542,-3.678450928359375,0.07716495081298828,-9.27364971857666,0.0,0.0,0.0,1.0
1727776116.0644517,655751,-0.04219429123874011,-0.044791056319057485,0.0714525688398336,-3.6884269563134766,0.2090458827392578,-9.323215743823242,0.0,0.0,0.0,1.0
1727776116.0669074,655752,-0.03441538705269586,-0.039267605215301364,0.07111801561508478,-3.569334219404297,0.4364645583251953,-9.41855312784668,0.0,0.0,0.0,1.0
1727776116.069405,655753,-0.01597046477033948,-0.03411687120356949,0.06960869075207156,-3.4249622456396485,0.49748848170410154,-9.538376041677246,0.0,0.0,0.0,1.0
1727776116.0719056,655754,-0.003991925183674855,-0.03372959551214475,0.06932210665971549,-3.368069458666992,0.3964851093676758,-9.550626627978515,0.0,0.0,0.0,1.0
1727776116.0744474,655755,-0.006021259975163536,-0.03389532063298105,0.06822803275687521,-3.397293736604004,0.24919686303955077,-9.44300976942627,0.0,0.0,0.0,1.0
1727776116.0769067,655756,-0.005782862909980579,-0.03376787639698744,0.06299823522057206,-3.438515439279785,0.09371436908203125,-9.269248998669433,0.0,0.0,0.0,1.0
1727776116.0793877,655757,0.005275083334826327,-0.0323202722480623,0.0528838379362452,-3.4664192495214845,0.06986551902832032,-9.137389343342285,0.0,0.0,0.0,1.0
1727776116.081932,655758,0.017275549592539245,-0.03027428464622833,0.043502745359858784,-3.4789812533129885,0.030554634755859376,-9.021068317990723,0.0,0.0,0.0,1.0
1727776116.084426,655759,0.012652528493278251,-0.026431815106454416,0.03842031732668883,-3.443919515654297,0.07239743432373047,-8.981889708237306,0.0,0.0,0.0,1.0
1727776116.0869339,655760,-0.003947595701132246,-0.026026841516756254,0.038556606476730634,-3.309721172512207,0.2915185359228516,-9.034557082492677,0.0,0.0,0.0,1.0
1727776116.0894148,655761,-0.010933467798879637,-0.026535528986828778,0.04240165443807243,-3.2134670967041012,0.5614512727954102,-9.121814692983397,0.0,0.0,0.0,1.0
1727776116.0919437,655762,-0.009551861557879758,-0.02480033197341615,0.04538179731429876,-3.1485542904785153,0.7969523590136719,-9.18605114309326,0.0,0.0,0.0,1.0
1727776116.094412,655763,-0.010189623439710244,-0.01739544014281287,0.04710020835944475,-3.063244777390137,0.8344425657421876,-9.15070993281006,0.0,0.0,0.0,1.0
1727776116.0968926,655764,-0.011632026359525845,-0.014798570150193828,0.04526823378283334,-3.0060680227368164,0.7869771102026367,-9.09656026883789,0.0,0.0,0.0,1.0
1727776116.0994256,655765,-0.0020193519824762626,-0.014850590511466297,0.04126748789564144,-3.011793825263672,0.6738174878100586,-8.945813706108398,0.0,0.0,0.0,1.0
1727776116.101971,655766,0.005303050533397494,-0.013940674013847404,0.039093289390994,-3.098768546887207,0.5692729102368164,-8.795190667521974,0.0,0.0,0.0,1.0
1727776116.1044009,655767,-0.0023736408252039405,-0.01082547268957958,0.03644813956416575,-3.1631985241479494,0.40659586913818363,-8.648745513925782,0.0,0.0,0.0,1.0
1727776116.1069086,655768,-0.013434133210870522,-0.00849972029499786,0.033017906773436134,-3.1716241772680664,0.3752321842089844,-8.579079335654297,0.0,0.0,0.0,1.0
1727776116.109397,655769,-0.0008746942098786377,-0.012363874400508528,0.031522979106282364,-3.1856833344287114,0.49540493327636714,-8.597650450378417,0.0,0.0,0.0,1.0
1727776116.1119,655770,0.028986732283672444,-0.013683057822016856,0.03146954646402592,-3.1567048461621092,0.6498167647924805,-8.619820366992187,0.0,0.0,0.0,1.0
1727776116.1144001,655771,0.04903890295738213,-0.015609828733360982,0.03207970430525255,-3.106209542973633,0.6610041804125977,-8.64302102994873,0.0,0.0,0.0,1.0
1727776116.1169083,655772,0.04997802139066103,-0.01528687235303485,0.032059052722178356,-3.0220969734375,0.5713158832910156,-8.65903685508545,0.0,0.0,0.0,1.0
1727776116.1194007,655773,0.04529129431375733,-0.017260571343932093,0.030776988080017338,-2.9492825177709965,0.49714320145751956,-8.671100327182618,0.0,0.0,0.0,1.0
1727776116.1219375,655774,0.043644199423213396,-0.01715048202368723,0.027936721547532076,-2.9153516163720705,0.46141613555419925,-8.589724827304687,0.0,0.0,0.0,1.0
1727776116.1243815,655775,0.04321557617966649,-0.014562646594277086,0.024748553717455223,-2.951663219377441,0.35678765026611325,-8.512831677553711,0.0,0.0,0.0,1.0
1727776116.126908,655776,0.040101718539877707,-0.016652350345197773,0.019623426377507015,-3.0447669800317385,0.3347603767675781,-8.517039529584961,0.0,0.0,0.0,1.0
1727776116.1293871,655777,0.042123241399980756,-0.019241408406431185,0.016934294085749365,-3.121109335568848,0.4054591593383789,-8.551622453862304,0.0,0.0,0.0,1.0
1727776116.1319084,655778,0.041243430697851614,-0.01929519613647788,0.015625904526047108,-3.1773774296044923,0.5605275687231446,-8.53885979076416,0.0,0.0,0.0,1.0
1727776116.134387,655779,0.03281013603016274,-0.01622920675186868,0.01698162970924357,-3.169201282067871,0.6068040519433594,-8.530771386723632,0.0,0.0,0.0,1.0
1727776116.1368804,655780,0.01846615895326679,-0.01456731922678977,0.0160578486474506,-3.1070941700244146,0.6065227812963867,-8.592850989023438,0.0,0.0,0.0,1.0
1727776116.1393838,655781,0.011082640986583783,-0.016271389567315657,0.012660195161476952,-3.0101781822143554,0.5944227494091797,-8.674441592321777,0.0,0.0,0.0,1.0
1727776116.141906,655782,0.01654168804238227,-0.016752622295059763,0.009019080574220678,-2.9050857471972655,0.6472840703540039,-8.666109436369629,0.0,0.0,0.0,1.0
1727776116.1443915,655783,0.019789361322946643,-0.014248373724458117,0.004620095660079911,-2.8473018003588866,0.6729427498828124,-8.557023293796387,0.0,0.0,0.0,1.0
1727776116.1469758,655784,0.014084274744297652,-0.016389286783857617,0.003994136412186902,-2.8275376377978514,0.7225866894360351,-8.51775058753418,0.0,0.0,0.0,1.0
1727776116.1499045,655785,0.015618011892890967,-0.019963467322650683,0.006469445327882706,-2.8658669816088866,0.7464559170776367,-8.548793445322266,0.0,0.0,0.0,1.0
1727776116.1519196,655786,0.024278187483110645,-0.020989130334627373,0.009794422834421168,-2.9264970182006835,0.8628927950097657,-8.540237315705566,0.0,0.0,0.0,1.0
1727776116.1544037,655787,0.03480131905964155,-0.022259275325283677,0.01178949972432722,-2.9686040072021482,0.8981376312890625,-8.536166892524415,0.0,0.0,0.0,1.0
1727776116.156917,655788,0.043864612098837595,-0.02336359431789054,0.009291642733950176,-2.965737419992676,0.7866595195019532,-8.614705412629394,0.0,0.0,0.0,1.0
1727776116.159427,655789,0.053229770110636294,-0.02781638310243211,0.002473287336344461,-2.9010177813134765,0.6475350143554687,-8.70884890973877,0.0,0.0,0.0,1.0
1727776116.161937,655790,0.05570466341221396,-0.026288888235787948,-0.004079599587159821,-2.858594939699707,0.6241446600292969,-8.740038126555175,0.0,0.0,0.0,1.0
1727776116.1644652,655791,0.04523664307476615,-0.021223161434025594,-0.006960515601452309,-2.816532062182617,0.6115469954589844,-8.677889899731445,0.0,0.0,0.0,1.0
1727776116.167308,655792,0.02842453953975002,-0.02082730310930684,-0.005478403375455951,-2.7344975870727537,0.6765947133032226,-8.70452862136963,0.0,0.0,0.0,1.0
1727776116.169398,655793,0.026201250148099715,-0.02692833678462215,-0.0005607441471417186,-2.5896381694189454,0.7992429796948243,-8.781105738706055,0.0,0.0,0.0,1.0
1727776116.1718907,655794,0.03849087084955954,-0.03141418908454276,0.001943246177794288,-2.498360959848633,0.98783258109375,-8.826289563676758,0.0,0.0,0.0,1.0
1727776116.1743903,655795,0.050478808157400364,-0.034495047770368915,0.0019536486360133714,-2.48627992706543,1.0263177535180665,-8.822118271435546,0.0,0.0,0.0,1.0
1727776116.1768885,655796,0.05830464445808626,-0.03167670387384342,-0.002471197160488183,-2.4918359962719725,0.8644352585449219,-8.866024541513672,0.0,0.0,0.0,1.0
1727776116.1794817,655797,0.06273722551929145,-0.030384406247181393,-0.008547411006282323,-2.458998052792969,0.6597054687890626,-8.929594524631348,0.0,0.0,0.0,1.0
1727776116.1818807,655798,0.06182613077582308,-0.028470414461197947,-0.01181902446706928,-2.417752196682129,0.5661780940429687,-8.868026100117188,0.0,0.0,0.0,1.0
1727776116.1843977,655799,0.048746653600736066,-0.02914718757889426,-0.017026104454973105,-2.468386666809082,0.5699866652197266,-8.79423843482666,0.0,0.0,0.0,1.0
1727776116.18702,655800,0.03842054732673479,-0.03495398259892037,-0.018597763365530325,-2.590086236616211,0.7300988872119141,-8.843750519399414,0.0,0.0,0.0,1.0
1727776116.1893957,655801,0.06263268041068082,-0.03816585657408533,-0.012874688362234057,-2.6752549645458985,0.9382483358862305,-9.164944217358398,0.0,0.0,0.0,1.0
1727776116.1919298,655802,0.10965122261345527,-0.035179277731660595,-0.010459445774330835,-2.6304987093164063,1.0134909010180664,-9.45969775529297,0.0,0.0,0.0,1.0
1727776116.1944258,655803,0.1287083565970978,-0.03510019403164671,-0.012464505473249303,-2.5812095195947267,0.8747486554467774,-9.588817284323731,0.0,0.0,0.0,1.0
1727776116.1969197,655804,0.10421281100037688,-0.04033461981448875,-0.016458327148531206,-2.630187771298828,0.6246573961010742,-9.637311028908691,0.0,0.0,0.0,1.0
1727776116.199436,655805,0.08150606453304307,-0.037174007603953445,-0.02184687717269835,-2.6254797094189453,0.3542253483911133,-9.658715707163086,0.0,0.0,0.0,1.0
1727776116.2018912,655806,0.08354763371294147,-0.026759843593057272,-0.03051106364091251,-2.5835896218603516,0.28440292196777345,-9.674700786115723,0.0,0.0,0.0,1.0
1727776116.2043765,655807,0.08880698827269487,-0.016794280548998404,-0.03779984983427921,-2.5753271692456052,0.3570601106030274,-9.60031192204834,0.0,0.0,0.0,1.0
1727776116.2068682,655808,0.07413298534037588,-0.023546928565052704,-0.03972711302642346,-2.7423948013916015,0.663687908737793,-9.53612719505127,0.0,0.0,0.0,1.0
1727776116.209397,655809,0.07621812540617406,-0.036265168474970896,-0.03560405553584257,-3.2245113298022465,1.2792995137719725,-9.998708329291992,0.0,0.0,0.0,1.0
1727776116.2118738,655810,0.11618731953360438,-0.02339299397288831,-0.021205011605837293,-3.5813348206494138,1.7228518167041016,-10.38462472256836,0.0,0.0,0.0,1.0
1727776116.2143834,655811,0.12634673226552323,-0.008103458461426542,-0.008958296000670536,-3.778660833383789,1.611362077705078,-10.67332863413086,0.0,0.0,0.0,1.0
1727776116.216916,655812,0.07197242139985655,-0.010134867288417396,-0.008864165455544557,-3.8755585412988283,1.2264436468286133,-10.715066549055175,0.0,0.0,0.0,1.0
1727776116.2193897,655813,0.02951560730163871,-0.010866364276698352,-0.017360677855164538,-4.004031201782226,0.8977061058984376,-10.503909128671875,0.0,0.0,0.0,1.0
1727776116.2219362,655814,0.03411121400945655,-0.007122637388235215,-0.02533592944886612,-4.086760193034668,0.8127143033789063,-10.380254149504394,0.0,0.0,0.0,1.0
1727776116.2243826,655815,0.050131992298622155,0.00909741778285733,-0.03695820299942552,-3.951469850917969,0.5735134263427734,-10.113686651403809,0.0,0.0,0.0,1.0
1727776116.2269385,655816,0.031193364829888937,0.010288083634824228,-0.047928495016190086,-3.959509948088379,0.5881175041772461,-10.004806921809083,0.0,0.0,0.0,1.0
1727776116.2294266,655817,0.00882008211340201,-0.002435018556767352,-0.04362862801659297,-4.385994822480469,1.2145242562646485,-9.92712288191162,0.0,0.0,0.0,1.0
1727776116.2318928,655818,0.016087583214795996,0.002449322945590723,-0.019703736744432702,-4.854474729008789,1.8156592632568358,-10.036170426936035,0.0,0.0,0.0,1.0
1727776116.2343874,655819,0.015486940112312811,0.013832339957111195,0.0032611262657088365,-5.116979595358886,2.155496176640625,-10.146779314731445,0.0,0.0,0.0,1.0
1727776116.2368991,655820,-0.014372529363303337,0.018742550412007106,0.018802293932717637,-5.248497326748047,2.1001466922802736,-10.295017276523438,0.0,0.0,0.0,1.0
1727776116.2393842,655821,-0.03189900497089763,0.015139095305960571,0.02462330053453103,-5.401852460463867,1.7791658801806642,-10.538473113779297,0.0,0.0,0.0,1.0
1727776116.2419074,655822,-0.024097843236545978,0.01518283566557844,0.020035517863364397,-5.686950437980957,1.138091819802246,-10.656154582858887,0.0,0.0,0.0,1.0
1727776116.2443604,655823,0.026052436083274347,0.031460802427190876,-0.007963868608970774,-6.031466884621582,0.17184329967041015,-12.136341991860352,0.0,0.0,0.0,1.0
1727776116.2468681,655824,0.033367567369624915,0.10601681837841713,-0.0013810211531636622,-5.361428899958496,1.1621713561376954,-13.278443221948242,0.0,0.0,0.0,1.0
1727776116.2494047,655825,-0.02232258182916234,0.12538822926696716,0.03225115521670672,-5.030598880422363,2.673962246330566,-13.39144791473877,0.0,0.0,0.0,1.0
1727776116.2518861,655826,0.021807135585809382,0.10239506818099536,0.03704062775273863,-5.811921329853516,1.997356265419922,-14.209570549812012,0.0,0.0,0.0,1.0
1727776116.2543845,655827,0.15731144073393008,0.16501437630830224,0.02944117605869487,-7.079982783706055,1.0326081350976564,-15.030497740319824,0.0,0.0,0.0,1.0
1727776116.2568882,655828,0.21108298200546058,0.2496432119916872,0.0659770868684702,-6.521402713044434,1.6537365525146484,-14.722199399516601,0.0,0.0,0.0,1.0
1727776116.259392,655829,0.10264937156514636,0.26608109738174757,0.10184079631584878,-5.680054842041016,2.980091872375488,-13.568903981257325,0.0,0.0,0.0,1.0
1727776116.2619133,655830,0.10704979700589079,0.21590195103861484,0.08928806766707502,-5.272048424282226,1.7019447711328126,-13.760207158154296,0.0,0.0,0.0,1.0
1727776116.264373,655831,0.20428439854163047,0.2541811653546508,0.09686056900485605,-5.383223149746094,0.7868896064428711,-13.681480025493164,0.0,0.0,0.0,1.0
1727776116.2669299,655832,0.14484933210326498,0.2984309226181716,0.10254982996630752,-4.879481925065918,1.2909193537939454,-12.635637306335449,0.0,0.0,0.0,1.0
1727776116.269435,655833,-0.02081643258081878,0.21672677962449372,0.1181368967652954,-3.6242507998901363,-0.2062649413330078,-11.688687380815429,0.0,0.0,0.0,1.0
1727776116.2719052,655834,-0.05130149814636063,0.1791760077347248,0.040524938799888784,-4.086460642492676,-0.04626245864501954,-11.730957210717772,0.0,0.0,0.0,1.0
1727776116.2744246,655835,0.02972132418485256,0.2059166967625509,0.03687381719308894,-3.8619716647045896,0.13856304266601563,-10.458631446928711,0.0,0.0,0.0,1.0
1727776116.2769167,655836,-0.015023845107491425,0.2340399886982427,0.11561025748846501,-4.519643090617676,0.22515226827392576,-10.206446989768066,0.0,0.0,0.0,1.0
1727776116.2793913,655837,-0.18897082197273296,0.18012774388982336,0.12081765624836235,-3.301405977905273,-0.5293333174438476,-10.34220565680176,0.0,0.0,0.0,1.0
1727776116.2819357,655838,-0.29027414046187877,0.07100627594363296,0.09369590960052954,-3.64059308597168,0.39148870461914065,-10.013525472788086,0.0,0.0,0.0,1.0
1727776116.284366,655839,-0.1627405393626913,0.11767553684854004,0.13077070648290323,-3.6947997472558596,2.298509444765625,-8.68645975425293,0.0,0.0,0.0,1.0
1727776116.2868674,655840,-0.059945287242077705,0.14765185441768147,0.15237585360729647,-2.732487338027344,1.836441765805664,-8.797144878200683,0.0,0.0,0.0,1.0
1727776116.289389,655841,-0.1846487377757137,0.0920214083887195,0.141861607295699,-2.2544815085009766,0.2861734346850586,-8.885360235322265,0.0,0.0,0.0,1.0
1727776116.29186,655842,-0.2761087886838356,0.031530492441117094,0.15038448899883397,-2.1896720286328124,-0.1610822551098633,-8.099657083967285,0.0,0.0,0.0,1.0
1727776116.294389,655843,-0.2167567966480359,0.025691961449836875,0.1789362468096202,-1.8577457548022462,0.14880152196533203,-7.160420554936524,0.0,0.0,0.0,1.0
1727776116.296899,655844,-0.18316926449761312,0.02004760698858719,0.17181988801913087,-1.4270802983862305,0.24989143911621095,-6.366347968630371,0.0,0.0,0.0,1.0
1727776116.2993743,655845,-0.20017909947565088,-0.012143223654661308,0.15938003693677316,-1.441571100805664,-0.5181319371826172,-5.948413649985351,0.0,0.0,0.0,1.0
1727776116.3018823,655846,-0.18982219740602196,-0.02277468928792843,0.1695343331764415,-1.2938699086523437,-0.9408957441577148,-5.449924748583984,0.0,0.0,0.0,1.0
1727776116.304377,655847,-0.1534278939929652,-0.03402049311413473,0.18513559541686256,-0.8041654857202148,0.2381475355444336,-4.72963778980957,0.0,0.0,0.0,1.0
1727776116.3068707,655848,-0.10212330093370542,-0.05462926389907031,0.20203027300346724,-0.23545613565673826,0.47858988715576173,-4.163628889680176,0.0,0.0,0.0,1.0
1727776116.3095498,655849,-0.061832340777064024,-0.0706272479731546,0.19754542947567805,0.1479516566821289,-0.46918281344238283,-4.076577092827149,0.0,0.0,0.0,1.0
1727776116.3118873,655850,-0.11376655290950959,-0.06830996926447672,0.1941586989743433,0.6551564120288086,-1.7696339038403321,-4.023088741516113,0.0,0.0,0.0,1.0
1727776116.314425,655851,-0.18657259535314233,-0.07536890471015775,0.19871200988423543,1.1628752819311523,-1.0592861135595704,-4.176557330449219,0.0,0.0,0.0,1.0
1727776116.3168888,655852,-0.1021194554943405,-0.0907060704065761,0.1838182035746596,1.1668057590307617,-1.731857152265625,-4.150256277429199,0.0,0.0,0.0,1.0
1727776116.3194032,655853,-0.027408387231428247,-0.10977080246191243,0.1448909822870266,0.7318352375024415,-3.555583003557129,-4.020224311933593,0.0,0.0,0.0,1.0
1727776116.3218765,655854,-0.10133156007373675,-0.12494560426623633,0.14120384348004694,1.1129112344458008,-2.8433878051318358,-2.7128191299316406,0.0,0.0,0.0,1.0
1727776116.3243985,655855,-0.11573011172294191,-0.15500885781766255,0.13073282507182457,0.7849614071557618,-2.464299342216797,-2.8076838737841796,0.0,0.0,0.0,1.0
1727776116.326872,655856,-0.03583533066977778,-0.14783122217282293,0.10574549902595352,0.5574999386352539,-3.025725202961426,-1.8134084388061522,0.0,0.0,0.0,1.0
1727776116.3293958,655857,-0.10988501160754195,-0.1629563964233701,0.12531452837504647,1.308469791101074,-1.8156765842065432,-1.4888843837109376,0.0,0.0,0.0,1.0
1727776116.33187,655858,-0.11707302550006948,-0.19281840396966884,0.13247769015734462,1.876999159116211,-2.3023708778027343,-1.8412236065405274,0.0,0.0,0.0,1.0
1727776116.334374,655859,-0.19176100095134951,-0.22045247370233578,0.12991399666258335,2.3538161961254884,-0.7787534948730468,-1.6936017071777343,0.0,0.0,0.0,1.0
1727776116.3368635,655860,-0.2535485643510446,-0.30392053143446324,0.11356601707996264,2.8311738984887698,-1.123899489111328,-1.2135101116625977,0.0,0.0,0.0,1.0
1727776116.3393972,655861,-0.26534292232195666,-0.2771125694107378,0.09233330055630835,2.7278781074487304,-2.620370388859863,-0.9057957685546875,0.0,0.0,0.0,1.0
1727776116.3419094,655862,-0.3656464507867522,-0.336598130946913,0.08023140024323805,2.4075824617749024,-2.8608668010131835,-0.8303116690722656,0.0,0.0,0.0,1.0
1727776116.3443542,655863,-0.44708437881495144,-0.38006376156251304,0.09075064602951877,2.423148901164551,-1.371658293786621,-0.5631012580737305,0.0,0.0,0.0,1.0
1727776116.3468919,655864,-0.465758135002685,-0.392333816119712,0.0785164109531618,1.9587284498803712,-2.138142742661133,-0.6974954058618165,0.0,0.0,0.0,1.0
1727776116.3493562,655865,-0.492729582673115,-0.40983253031825,0.07702431995324155,1.9716367527978518,-1.3534776496069336,-0.7501392260229492,0.0,0.0,0.0,1.0
1727776116.3522322,655866,-0.48368551683074357,-0.45322460934020475,0.07901343701739524,1.9482173304418944,-1.474932808227539,-0.9919849341650391,0.0,0.0,0.0,1.0
1727776116.3545232,655867,-0.43430192854132477,-0.4621733663916006,0.07705442978381984,2.0150187195263674,-2.060552319799805,-1.8238132351831056,0.0,0.0,0.0,1.0
1727776116.3569283,655868,-0.48623658453350815,-0.4797856804374008,0.0650806435314384,2.337082180883789,-2.0992251458349607,-1.2834239974951172,0.0,0.0,0.0,1.0
1727776116.3593557,655869,-0.5529534241813828,-0.5097521402852742,0.07594110850871229,1.8923230452758788,-0.2216331187792969,-5.152492576721191,0.0,0.0,0.0,1.0
1727776116.3618956,655870,-0.2099593954651438,-0.46086355244564886,0.06121127205646409,1.7976017236816406,-0.07282973885742187,-10.323653900786132,0.0,0.0,0.0,1.0
1727776116.3643801,655871,-0.0006190632816027005,-0.35454034576039184,0.09941202407611908,1.3756254505444336,1.8871278391772461,-13.869577208474121,0.0,0.0,0.0,1.0
1727776116.3668647,655872,0.016221717627565104,-0.373785761009729,0.10599599328653633,1.0484387039868164,0.39411435681884766,-16.220024030375978,0.0,0.0,0.0,1.0
1727776116.3693793,655873,-0.05077106558422347,-0.332484967493397,0.07741519897871967,-1.9649342045361329,-2.263604015192871,-15.932725692905274,0.0,0.0,0.0,1.0
1727776116.371883,655874,-0.028014292089348858,-0.2584243958517021,0.1269475448417245,-2.537282871928711,0.3534886386547852,-16.256630209394533,0.0,0.0,0.0,1.0
1727776116.3743656,655875,0.24941479370042816,-0.10329609134350376,0.1735758859138931,-2.4218233390722657,2.1757084663330075,-19.266560564179688,0.0,0.0,0.0,1.0
1727776116.3768747,655876,0.5228705843102531,0.010711073894789343,0.09034999401963156,-2.6034477011279296,-1.7878071161938476,-20.61258978587402,0.0,0.0,0.0,1.0
1727776116.3793552,655877,0.3155661197265237,-0.010113670968392245,0.06841187946028011,-1.7275888267456054,-0.8439283329052735,-19.51265907491455,0.0,0.0,0.0,1.0
1727776116.3818598,655878,0.2854569751132955,-0.054487281239118834,0.094387108159705,-1.0232800545043945,0.04129703981689453,-19.093359517814942,0.0,0.0,0.0,1.0
1727776116.384366,655879,0.46366716423396725,-0.0074368013106639935,0.14666811194039758,-1.2263461340771484,1.1909362393359375,-17.54661279348633,0.0,0.0,0.0,1.0
1727776116.3868992,655880,0.3933404093033166,-0.026078204158599044,0.16571434311484387,-1.6960515727148437,1.2865924127416992,-15.21505329852539,0.0,0.0,0.0,1.0
1727776116.3893733,655881,0.2702270297891803,0.09106160609165821,0.16057013384125796,-1.7088010503149413,-0.019904528181152344,-13.114478856701659,0.0,0.0,0.0,1.0
1727776116.391886,655882,0.2724810665553959,0.1204886512703363,0.11154124597359645,-1.6236812285961915,0.5431165980249023,-12.58968290887207,0.0,0.0,0.0,1.0
1727776116.3943634,655883,0.4176549408287776,0.03593736191823695,0.10994187811013371,-1.480030441640625,1.4462769451245117,-12.155490571464844,0.0,0.0,0.0,1.0
1727776116.39691,655884,0.46040752691592435,-0.033051285025720176,0.12252678658989939,-1.4545415553662109,0.6987172819921875,-11.962613585507812,0.0,0.0,0.0,1.0
1727776116.399404,655885,0.34104510516888914,-0.035967907538376,0.10410640168086739,-1.9459274889038085,-0.7776844506518554,-12.19159935753662,0.0,0.0,0.0,1.0
1727776116.4018638,655886,0.1987806991962073,0.05210201532387255,0.09248852637680095,-2.5645359179077145,-0.7832749220214843,-13.086274117434083,0.0,0.0,0.0,1.0
1727776116.4043784,655887,0.22742174544588872,0.10543633054311949,0.08277805355915559,-2.1431742687817383,-0.5631910992626953,-14.191566051899414,0.0,0.0,0.0,1.0
1727776116.4068673,655888,0.40067353708449144,0.09083095236135594,0.07365880594737458,-1.7966841928198243,-0.12443963616943358,-14.471586713657226,0.0,0.0,0.0,1.0
1727776116.4094036,655889,0.5015010016188979,0.0548169479716631,0.07879244328902335,-2.2755013500146486,0.5357613076757812,-14.708417197749025,0.0,0.0,0.0,1.0
1727776116.411876,655890,0.4980414539100296,0.06695155671232218,0.0790720991343809,-3.2193434536450196,0.13008278959716796,-14.837102983828126,0.0,0.0,0.0,1.0
1727776116.4143429,655891,0.4760090191563914,0.14956863848492466,0.08296175499937358,-3.68005206736084,-0.04637735228027344,-14.33001492013916,0.0,0.0,0.0,1.0
1727776116.4168859,655892,0.4446106113030724,0.2353571061544259,0.11047740295399021,-3.440167162646484,0.1179278580908203,-13.939911112353515,0.0,0.0,0.0,1.0
1727776116.4194007,655893,0.4217956679720123,0.21184435882427383,0.11761255718683195,-3.163981023522949,0.004967396652832031,-13.710994684057617,0.0,0.0,0.0,1.0
1727776116.4219465,655894,0.4350588425522287,0.15118161670198438,0.09856160092372215,-3.4233467823925783,-0.2872762817285156,-13.526943531086427,0.0,0.0,0.0,1.0
1727776116.4244237,655895,0.46588095502722826,0.13783892263219324,0.07314100321232264,-4.253240411242675,-0.5875010821435547,-12.959172628879395,0.0,0.0,0.0,1.0
1727776116.426935,655896,0.45102410609345867,0.17310135143310157,0.06884927095119321,-4.5376814512866215,0.19086799552734374,-12.27389478563965,0.0,0.0,0.0,1.0
1727776116.4293678,655897,0.43331039834318646,0.20624352682786162,0.08154950629611005,-4.185862276486817,0.8682009169189453,-11.409768187617187,0.0,0.0,0.0,1.0
1727776116.4318783,655898,0.38506547571990474,0.19112467152594562,0.10024646020777749,-3.848099082341309,0.7967647653369141,-10.158574521877442,0.0,0.0,0.0,1.0
1727776116.434379,655899,0.26094678618031497,0.13768575874193723,0.11171219653407344,-4.0172104666845705,0.8130060624902344,-9.505886135412597,0.0,0.0,0.0,1.0
1727776116.436896,655900,0.22368688768200495,0.10582631781403344,0.11449774323106257,-4.3436997603295895,1.0630381069628907,-9.387993998034668,0.0,0.0,0.0,1.0
1727776116.4393437,655901,0.3068299957000746,0.1176526740369538,0.10598343205595603,-4.334181868498535,0.8434179941967774,-9.486697939379882,0.0,0.0,0.0,1.0
1727776116.4419074,655902,0.35834682634560566,0.12682390972929908,0.08310257958891819,-4.0214512225268555,0.11330640095947266,-9.452601200375977,0.0,0.0,0.0,1.0
1727776116.4443626,655903,0.32072715128417306,0.11451382709392577,0.07090847346794864,-3.7876821713452147,-0.7738941593701173,-9.489761110378417,0.0,0.0,0.0,1.0
1727776116.446886,655904,0.22603033797486008,0.07531091645295587,0.06683901002316521,-3.7797623019433595,-1.4688662205102538,-9.560838256809083,0.0,0.0,0.0,1.0
1727776116.4493716,655905,0.14522046340549866,0.055166055760723864,0.06610328829719792,-3.9615200772656247,-1.4100011227661131,-9.405215157495117,0.0,0.0,0.0,1.0
1727776116.4522114,655906,0.1486462737392042,0.06713962815341344,0.062341411580546485,-4.280527200109863,-1.1414924796166992,-9.186145539272461,0.0,0.0,0.0,1.0
1727776116.4543903,655907,0.21981106410047813,0.08545315181302107,0.05659805218723185,-4.393514871621094,-1.0545296848754881,-8.781534387260741,0.0,0.0,0.0,1.0
1727776116.4568784,655908,0.24748814787682832,0.081637180699595,0.048790640100754,-4.332376594013672,-0.9161082065112305,-8.27529055505127,0.0,0.0,0.0,1.0
1727776116.4593468,655909,0.2183548813533475,0.05261099735540744,0.047535687218396704,-4.300762384621582,-0.7712495680004884,-8.068295496730958,0.0,0.0,0.0,1.0
1727776116.4619093,655910,0.1736281564506542,0.031976652179396395,0.056225488428571585,-4.289851025383301,-0.7495820188623047,-7.881585787749024,0.0,0.0,0.0,1.0
1727776116.4643638,655911,0.10553360442220693,0.022936625460639154,0.06477615978638261,-4.413230427641602,-1.0651091891015625,-7.880172602028808,0.0,0.0,0.0,1.0
1727776116.46689,655912,0.0264624454634525,0.019214304716804503,0.06446345656600011,-4.5366481877124025,-1.4297561753466799,-8.007280263793945,0.0,0.0,0.0,1.0
1727776116.4693465,655913,-0.010182473262842821,0.021508522894558398,0.055056866265220224,-4.253976461704101,-1.1300339222094726,-8.210723328742676,0.0,0.0,0.0,1.0
1727776116.4718204,655914,0.009488873825994618,-0.0039320686804856075,0.044689509281221396,-3.9395475835180664,-0.4514852379638672,-8.465729302683107,0.0,0.0,0.0,1.0
1727776116.4743602,655915,0.04790920729303755,-0.05022476705400353,0.04429525692173584,-4.037921108269043,-0.2914125125317383,-8.550135129682618,0.0,0.0,0.0,1.0
1727776116.476866,655916,0.047955437302275736,-0.07072868606360051,0.0572635593377646,-4.342925352055664,-0.1810097979785156,-8.390517903273926,0.0,0.0,0.0,1.0
1727776116.4793675,655917,0.007226411794937459,-0.05093713772267297,0.07958050414825663,-4.427945563330078,0.16395621421142578,-8.415356444824218,0.0,0.0,0.0,1.0
1727776116.4818661,655918,-0.005554569706465809,-0.03404169346924841,0.09901680733047591,-4.206014632097168,0.23606602487548828,-8.550505582243652,0.0,0.0,0.0,1.0
1727776116.4844146,655919,0.035355760398506235,-0.049602705701626275,0.10160401328607607,-4.037826292551269,0.010915075151367186,-8.672303563813477,0.0,0.0,0.0,1.0
1727776116.4868722,655920,0.0796077329256276,-0.079248969169725,0.09180047115158696,-4.087485455361328,-0.42617117940673827,-9.036944676518555,0.0,0.0,0.0,1.0
1727776116.4893432,655921,0.09663409562626635,-0.0833134210345596,0.08051657608969869,-4.208951941523438,-0.799138934128418,-9.607104611169433,0.0,0.0,0.0,1.0
1727776116.4918232,655922,0.07938816761859378,-0.07000672802459416,0.07572294741248536,-4.110853214538574,-0.8964905827807617,-10.155558578935548,0.0,0.0,0.0,1.0
1727776116.4943705,655923,0.0626023123344369,-0.05968957157694274,0.08208299745534962,-3.927993071645508,-0.8548046307055663,-10.310438855236816,0.0,0.0,0.0,1.0
1727776116.4968424,655924,0.06786686408821131,-0.06005523129913565,0.09377317751070689,-3.884172147700195,-0.6902325938012696,-10.173243568256835,0.0,0.0,0.0,1.0
1727776116.4993377,655925,0.06606261460485953,-0.06463344677540801,0.10590499397010625,-4.061712481538086,-0.26799878391357423,-10.061583616464844,0.0,0.0,0.0,1.0
1727776116.5018637,655926,0.06620833375678573,-0.0565836549913724,0.11325021894668098,-4.159412287272949,0.0753759783984375,-9.837798384667968,0.0,0.0,0.0,1.0
1727776116.5044441,655927,0.10012707807865809,-0.04628311907335805,0.11581342016064214,-4.257310354951172,0.044155595859375,-9.655573063571778,0.0,0.0,0.0,1.0
1727776116.5068722,655928,0.12687906131926743,-0.043576143620140055,0.11772516036722828,-4.3881654551293945,-0.2328282059619141,-9.634370243305664,0.0,0.0,0.0,1.0
1727776116.509355,655929,0.07522969012093486,-0.03749334047478356,0.11933274367092922,-4.420684908896485,-0.5119089814453125,-9.982308985964355,0.0,0.0,0.0,1.0
1727776116.5119073,655930,-0.02265746189608172,-0.038212873425586005,0.12191396962533436,-4.31170934470459,-0.6029292536059571,-10.34806295470459,0.0,0.0,0.0,1.0
1727776116.514391,655931,-0.05781588629024185,-0.04415919373665148,0.11835088961507532,-4.247261087548828,-0.43642164552246093,-10.502165346555175,0.0,0.0,0.0,1.0
1727776116.5168757,655932,-0.010473879285987024,-0.04880285834880961,0.11512344423328995,-4.31709388256836,-0.1111235417578125,-10.50386118140625,0.0,0.0,0.0,1.0
1727776116.5193303,655933,0.03502234103363313,-0.034120151730540824,0.11906833239002149,-4.2641021450610355,0.1886542702734375,-10.353992353308104,0.0,0.0,0.0,1.0
1727776116.5218961,655934,0.02883953225425733,-0.017152116234540115,0.1283393598566942,-4.1747637431103515,0.2868874294042969,-10.193835720161132,0.0,0.0,0.0,1.0
1727776116.5243654,655935,0.01941626089751246,-0.020009455226577325,0.1362742202142542,-4.158247708125,0.17194872372070313,-9.848772854494628,0.0,0.0,0.0,1.0
1727776116.5268917,655936,0.0410835887360857,-0.025437920346440036,0.1392195039607076,-4.336993855759277,-0.19779841316894534,-9.746773737319335,0.0,0.0,0.0,1.0
1727776116.529339,655937,0.03231107628131238,-0.020609444644719355,0.13835434870010355,-4.66085366142334,-0.5249291213598634,-9.928343139821777,0.0,0.0,0.0,1.0
1727776116.5318792,655938,0.014627708361664401,-0.006959163846796223,0.1259980764063773,-4.8159678604467775,-0.9664399495898437,-10.09107795737549,0.0,0.0,0.0,1.0
1727776116.5343673,655939,0.045689121761676596,-0.005394134586686619,0.10839582183627164,-4.837942871425781,-1.171527905419922,-10.003167484929198,0.0,0.0,0.0,1.0
1727776116.5368683,655940,0.08965745984615414,-0.0127365955276213,0.1012205749638392,-4.882838952868652,-0.9713351256738282,-9.85413443760498,0.0,0.0,0.0,1.0
1727776116.539351,655941,0.08489983626385506,-0.009198137627545669,0.1072535407308156,-4.963333241938477,-0.8478157173999024,-9.709664471616211,0.0,0.0,0.0,1.0
1727776116.541896,655942,0.0464332203314231,0.00281901775630927,0.11244442790846607,-4.942329282956543,-0.8478109226733398,-9.239441562114258,0.0,0.0,0.0,1.0
1727776116.5443578,655943,0.04122919490553319,0.005436926700500964,0.11514162230709793,-4.8670343953710935,-0.8445878475439453,-8.765168067612304,0.0,0.0,0.0,1.0
1727776116.5468624,655944,0.05819063303179449,0.003972903776365019,0.11053805840470754,-4.809858539729004,-0.8618284855810547,-8.60978134831787,0.0,0.0,0.0,1.0
1727776116.549368,655945,0.04173225746220097,-0.008828559834394366,0.10221099551263302,-4.905161102050781,-0.8583473342944336,-8.920831742299804,0.0,0.0,0.0,1.0
1727776116.5518425,655946,0.017182891854725123,-0.01951162214463876,0.09101490801215104,-4.994991922419433,-1.0295884163085938,-9.139733605026857,0.0,0.0,0.0,1.0
1727776116.5543516,655947,0.014643251522665143,-0.021344928300463636,0.08280486672240842,-5.0989070722631835,-1.0956593288012695,-9.443520048200684,0.0,0.0,0.0,1.0
1727776116.5569282,655948,0.014914276313666371,-0.018471513515740303,0.08257945053701242,-5.165714814360352,-0.9121946907568359,-9.593774372314453,0.0,0.0,0.0,1.0
1727776116.5593514,655949,-0.004553827401223431,-0.014772350144954262,0.08845985767701167,-5.179136812294922,-0.692575237265625,-9.49122997486084,0.0,0.0,0.0,1.0
1727776116.561847,655950,0.00035654042212498115,-0.013892563653356275,0.09163572252217388,-5.202210834536133,-0.574473510402832,-9.237785703295899,0.0,0.0,0.0,1.0
1727776116.564376,655951,0.03341021825534086,-0.012037496265112657,0.0917921830797553,-5.205885812644042,-0.4147253879589844,-8.894719901176758,0.0,0.0,0.0,1.0
1727776116.566851,655952,0.07903638860092906,-0.01444388586879064,0.08787380141954866,-5.205533100571288,-0.6897597738281249,-8.807366935561523,0.0,0.0,0.0,1.0
1727776116.5693567,655953,0.10659396112532701,-0.013820981182911536,0.07787155538570326,-5.203572776616211,-1.2303828743041991,-8.853976472475585,0.0,0.0,0.0,1.0
1727776116.5718555,655954,0.10588726782621313,-0.01795092253451716,0.06267744971787272,-5.159514513706054,-1.5417926330419922,-9.116533181806641,0.0,0.0,0.0,1.0
1727776116.5743468,655955,0.11671744139392506,-0.023442544859983087,0.05310053833042583,-5.044295256584473,-1.7225663506713866,-9.393508233251953,0.0,0.0,0.0,1.0
1727776116.5769312,655956,0.1429985338386815,-0.044859729490675244,0.05606796260761937,-5.71287096951416,-1.4691303500097657,-9.734631931376953,0.0,0.0,0.0,1.0
1727776116.579347,655957,0.03267675617894792,0.004470002472191919,0.08296464815784646,-6.483850894079589,0.21878391245361328,-12.05899903682373,0.0,0.0,0.0,1.0
1727776116.5818493,655958,0.04285670751146222,0.13534606108141092,0.04124343473294014,-4.810659678603516,-1.3787262601464843,-12.25839709064209,0.0,0.0,0.0,1.0
1727776116.5844004,655959,0.11097980779122832,0.04777271638856947,0.03475777641936144,-5.101934762285157,-1.2292938720336914,-14.189069857316895,0.0,0.0,0.0,1.0
1727776116.5868325,655960,0.10036875567081238,0.05120288461788267,0.031400005748375155,-5.34468583467041,-1.383270881784668,-13.910679162854004,0.0,0.0,0.0,1.0
1727776116.589345,655961,0.0478263830659604,0.08956023035304046,-0.005114761197525855,-5.341803424863281,-1.5073539701000978,-14.863662172939454,0.0,0.0,0.0,1.0
1727776116.591852,655962,-0.08447747547769993,0.06839784138729944,0.0017856679006912465,-5.215313803352051,-0.6952005298608399,-15.145146784584961,0.0,0.0,0.0,1.0
1727776116.5944083,655963,-0.06413607772864989,0.15094073805735816,0.05164902821580788,-4.909276835397949,-0.4778288441821289,-14.711800416745605,0.0,0.0,0.0,1.0
1727776116.5968547,655964,-0.05709121263665774,0.14323938423768803,0.03621806285152265,-5.673471382800293,-0.8510474230371095,-14.311491992416993,0.0,0.0,0.0,1.0
1727776116.5993643,655965,-0.04259006886168836,0.11773747142231998,-0.021961663335987047,-5.910650383579101,-0.4270247006689453,-13.830880708476561,0.0,0.0,0.0,1.0
1727776116.601863,655966,0.05743983621509543,0.1339738485264987,-0.019554987241023742,-5.1886578806323245,-0.21077336278564454,-13.85933800996582,0.0,0.0,0.0,1.0
1727776116.6043556,655967,0.07476107915009896,0.12860218938289988,0.00447488089421941,-5.243892351489258,-1.0502559652880858,-13.150401127910156,0.0,0.0,0.0,1.0
1727776116.6068714,655968,-0.04435207500326529,0.13194501408598722,-0.021201569675324928,-5.070298317348633,-1.686431673076172,-12.066748993103026,0.0,0.0,0.0,1.0
1727776116.6093328,655969,-0.12063796165105033,0.12581503672067754,-0.016343924318652444,-4.0846203665039065,-1.1167673333496093,-12.216634183205567,0.0,0.0,0.0,1.0
1727776116.6119006,655970,-0.00920734166447264,0.10701308577048459,0.014852801739978345,-3.5313186904467777,-0.1579177955126953,-11.594913557124022,0.0,0.0,0.0,1.0
